judul,url,lpse,metode,satker,tahap,hps,jadwal,page
Supervisi Konstruksi Pembangunan Pengendalian Banjir Sungai Cibanten Kota Serang,https://pengadaan.info/detail/supervisi-konstruksi-pembangunan-pengendalian-banjir-sungai-cibanten-kota-serang,LPSE Kementrian Pekerjaan Umum dan Perumahan Rakyat,-,694201 / SNVT PELAKSANAAN JARINGAN SUMBER AIR CIDANAUCIUJUNGCIDURIAN,Pengumuman Prakualifikasi [...],"Hps Rp 2.000.000.000,00",22 January 2026 14:00:00 s/d 31 March 2026 16:00:00,1
Supervisi Konstruksi Pembangunan Pengendalian Banjir Sungai Cidurian Kabupaten Bogor,https://pengadaan.info/detail/supervisi-konstruksi-pembangunan-pengendalian-banjir-sungai-cidurian-kabupaten-bogor,LPSE Kementrian Pekerjaan Umum dan Perumahan Rakyat,-,694201 / SNVT PELAKSANAAN JARINGAN SUMBER AIR CIDANAUCIUJUNGCIDURIAN,Pengumuman Prakualifikasi [...],"Hps Rp 2.499.996.905,00",22 January 2026 14:00:00 s/d 31 March 2026 16:00:00,1
Supervisi Konstruksi Peningkatan Fungsi Tampungan Bendungan Ladongi untuk mendukung Ketahanan Pangan di Kabupaten Kolaka Timur,https://pengadaan.info/detail/supervisi-konstruksi-peningkatan-fungsi-tampungan-bendungan-ladongi-untuk-mendukung-ketahanan-pangan-di-kabupaten-kolaka-timur,LPSE Kementrian Pekerjaan Umum dan Perumahan Rakyat,-,694143 / SNVT PEMBANGUNAN BENDUNGAN BWS SULAWESI IV,Pengumuman Prakualifikasi [...],"Hps Rp 880.000.000,00",22 January 2026 12:00:00 s/d 27 March 2026 16:00:00,1
PERENCANAAN PENANGANAN BENCANA ALAM JALAN NASIONAL PROVINSI SUMATERA BARAT,https://pengadaan.info/detail/perencanaan-penanganan-bencana-alam-jalan-nasional-provinsi-sumatera-barat,LPSE Kementrian Pekerjaan Umum dan Perumahan Rakyat,-,693839,Pengumuman Prakualifikasi [...],"Hps Rp 2.400.392.000,00",22 January 2026 12:00:00 s/d 31 March 2026 16:00:00,1
Pemutakhiran peta daerah irigasi kewenangan pusat di WS Bali-Penida,https://pengadaan.info/detail/pemutakhiran-peta-daerah-irigasi-kewenangan-pusat-di-ws-bali-penida,LPSE Kementrian Pekerjaan Umum dan Perumahan Rakyat,-,694289,Pengumuman Prakualifikasi [...],"Hps Rp 916.885.000,00",22 January 2026 11:00:00 s/d 31 March 2026 16:00:00,1
Biaya Perencanaan Pembangunan Lanjutan Gedung dan Rumah Genset Kantor Imigrasi Kelas III TPI Putussibau Tahun Anggaran 2026,https://pengadaan.info/detail/biaya-perencanaan-pembangunan-lanjutan-gedung-dan-rumah-genset-kantor-imigrasi-kelas-iii-tpi-putussibau-tahun-anggaran-2026,LPSE Nasional,-,IM16 KANTOR IMIGRASI KELAS III TPI PUTUSSIBAU,Pengumuman Prakualifikasi [...],"Hps Rp 1.036.562.400,00",22 January 2026 09:00:00 s/d 05 March 2026 16:00:00,1
PEMBANGUNAN POSAL MALAKA,https://pengadaan.info/detail/pembangunan-posal-malaka,LPSE TNI Angkatan Laut,-,KODAERAL VII KUPANG TNI AL,Pengumuman Pascakualifikasi [...],"Hps Rp 1.540.270.000,00",22 January 2026 07:00:00 s/d 19 March 2026 23:59:00,1
Pengadaan Jasa Outsourcing,https://pengadaan.info/detail/pengadaan-jasa-outsourcing,LPSE TNI Angkatan Udara,-,SESKOAU TNI AU,Pengumuman Pascakualifikasi,"Hps Rp 2.200.000.000,00",21 January 2026 22:00:00 s/d 09 February 2026 16:00:00,1
Konsultan Perencanaan Pembangunan SPKKL Merauke,https://pengadaan.info/detail/konsultan-perencanaan-pembangunan-spkkl-merauke,LPSE Badan Keamanan Laut,-,BADAN KEAMANAN LAUT,Pengumuman Prakualifikasi [...],"Hps Rp 1.798.440.870,00",21 January 2026 18:00:00 s/d 06 April 2026 23:59:00,1
Pemeliharaan Prasarana Kantor Ditjen Strahan Kemhan,https://pengadaan.info/detail/pemeliharaan-prasarana-kantor-ditjen-strahan-kemhan,LPSE Kementerian Pertahanan Republik Indonesia,-,DITJEN STRAHAN KEMHAN,Pengumuman Pascakualifikasi [...],"Hps Rp 2.998.500.665,39",21 January 2026 18:00:00 s/d 10 April 2026 13:00:00,1
Pengadaan Jasa Outsourcing,https://pengadaan.info/detail/pengadaan-jasa-outsourcing,LPSE TNI Angkatan Udara,-,SESKOAU TNI AU,Pengumuman Pascakualifikasi,"Hps Rp 2.200.000.000,00",21 January 2026 22:00:00 s/d 09 February 2026 16:00:00,2
Konsultan Perencanaan Pembangunan SPKKL Merauke,https://pengadaan.info/detail/konsultan-perencanaan-pembangunan-spkkl-merauke,LPSE Badan Keamanan Laut,-,BADAN KEAMANAN LAUT,Pengumuman Prakualifikasi [...],"Hps Rp 1.798.440.870,00",21 January 2026 18:00:00 s/d 06 April 2026 23:59:00,2
Konsultan Perencanaan Pembangunan SPKKL Supiori,https://pengadaan.info/detail/konsultan-perencanaan-pembangunan-spkkl-supiori,LPSE Badan Keamanan Laut,-,BADAN KEAMANAN LAUT,Pengumuman Prakualifikasi [...],"Hps Rp 1.774.943.280,00",21 January 2026 18:00:00 s/d 06 April 2026 23:59:00,2
Pemeliharaan Prasarana Kantor Ditjen Strahan Kemhan,https://pengadaan.info/detail/pemeliharaan-prasarana-kantor-ditjen-strahan-kemhan,LPSE Kementerian Pertahanan Republik Indonesia,-,DITJEN STRAHAN KEMHAN,Pengumuman Pascakualifikasi [...],"Hps Rp 2.998.500.665,39",21 January 2026 18:00:00 s/d 10 April 2026 13:00:00,2
Pengadaan Jasa Pelaksana Konstruksi Fisik Renovasi Gedung Kantor KPPBC TMP B Pontianak,https://pengadaan.info/detail/pengadaan-jasa-pelaksana-konstruksi-fisik-renovasi-gedung-kantor-kppbc-tmp-b-pontianak,LPSE Kementerian Keuangan,-,KANTOR PENGAWASAN DAN PELAYANAN BC PONTIANAK,Pengumuman Pascakualifikasi [...],"Hps Rp 2.012.468.568,23",21 January 2026 17:00:00 s/d 04 March 2026 16:59:00,2
Perencanaan Pembangunan Barak Bujang POLDA KALTIM,https://pengadaan.info/detail/perencanaan-pembangunan-barak-bujang-polda-kaltim,LPSE Kota Bontang,-,Badan Kesatuan Bangsa dan Politik,Pengumuman Prakualifikasi [...],"Hps Rp 882.767.349,00",21 January 2026 17:00:00 s/d 13 March 2026 16:00:00,2
PENGADAAN JASA KONSULTANSI KONSTRUKSI PERENCANA RENOVASI RUMAH NEGARA DAN GEDUNG PERTEMUAN PASAR MINGGU KANTOR PUSAT DIREKTORAT JENDERAL BEA DAN CUKAI TAHUN ANGGARAN 2026 Seleksi Ulang,https://pengadaan.info/detail/pengadaan-jasa-konsultansi-konstruksi-perencana-renovasi-rumah-negara-dan-gedung-pertemuan-pasar-minggu-kantor-pusat-direktorat-jenderal-bea-dan-cukai-tahun-anggaran-2026-seleksi-ulang,LPSE Kementerian Keuangan,-,KANTOR PUSAT DIREKTORAT JENDERAL BEA DAN CUKAI,Pengumuman Prakualifikasi [...],"Hps Rp 334.427.864,00",21 January 2026 17:00:00 s/d 27 February 2026 23:59:00,2
Perencanaan Kolam Renang Rano Wangun Sario Manado,https://pengadaan.info/detail/perencanaan-kolam-renang-rano-wangun-sario-manado,LPSE Provinsi Sulawesi Utara,-,DINAS PEKERJAAN UMUM DAN PENATAAN RUANG,Pengumuman Prakualifikasi [...],"Hps Rp 200.000.000,00",21 January 2026 16:30:00 s/d 04 March 2026 17:00:00,2
Konsultan Supervisi Penataan Jalan Pemuda Kec. Pancoran Mas TA. 2026,https://pengadaan.info/detail/konsultan-supervisi-penataan-jalan-pemuda-kec-pancoran-mas-ta-2026,LPSE Kota Depok,-,DINAS PEKERJAAN UMUM DAN PENATAAN RUANG,Pengumuman Prakualifikasi [...],"Hps Rp 195.540.000,00",21 January 2026 16:30:00 s/d 20 March 2026 16:00:00,2
Perencanaan Lapangan Olahraga KONI,https://pengadaan.info/detail/perencanaan-lapangan-olahraga-koni,LPSE Provinsi Sulawesi Utara,-,DINAS PEKERJAAN UMUM DAN PENATAAN RUANG,Pengumuman Prakualifikasi [...],"Hps Rp 150.000.000,00",21 January 2026 16:30:00 s/d 04 March 2026 17:00:00,2
Belanja Suvenir untuk Pemberian Penghargaan bagi PNS menjelang Purna Tugas Tahap I Tahun Anggaran 2026,https://pengadaan.info/detail/belanja-suvenir-untuk-pemberian-penghargaan-bagi-pns-menjelang-purna-tugas-tahap-i-tahun-anggaran-2026,LPSE Kota Tegal,-,Badan Kepegawaian Dan Pengembangan Sumber Daya Manusia,Pengumuman Pascakualifikasi [...],"Hps Rp 961.479.751,00",21 January 2026 16:30:00 s/d 17 February 2026 16:30:00,3
Perencanaan Kolam Renang Rano Wangun Sario Manado,https://pengadaan.info/detail/perencanaan-kolam-renang-rano-wangun-sario-manado,LPSE Provinsi Sulawesi Utara,-,DINAS PEKERJAAN UMUM DAN PENATAAN RUANG,Pengumuman Prakualifikasi [...],"Hps Rp 200.000.000,00",21 January 2026 16:30:00 s/d 04 March 2026 17:00:00,3
Perencanaan Gedung Kantor Lama DPRD Sulut (Mess Atlet),https://pengadaan.info/detail/perencanaan-gedung-kantor-lama-dprd-sulut-mess-atlet,LPSE Provinsi Sulawesi Utara,-,DINAS PEKERJAAN UMUM DAN PENATAAN RUANG,Pengumuman Prakualifikasi [...],"Hps Rp 200.000.000,00",21 January 2026 16:30:00 s/d 04 March 2026 17:00:00,3
Perencanaan Lapangan Olahraga KONI,https://pengadaan.info/detail/perencanaan-lapangan-olahraga-koni,LPSE Provinsi Sulawesi Utara,-,DINAS PEKERJAAN UMUM DAN PENATAAN RUANG,Pengumuman Prakualifikasi [...],"Hps Rp 150.000.000,00",21 January 2026 16:30:00 s/d 04 March 2026 17:00:00,3
Konsultan Supervisi Rekonstruksi Jalan Cipayung Kec. Cipayung (Lanjutan) TA. 2026,https://pengadaan.info/detail/konsultan-supervisi-rekonstruksi-jalan-cipayung-kec-cipayung-lanjutan-ta-2026,LPSE Kota Depok,-,DINAS PEKERJAAN UMUM DAN PENATAAN RUANG,Pengumuman Prakualifikasi [...],"Hps Rp 195.540.000,00",21 January 2026 16:00:00 s/d 20 March 2026 16:00:00,3
Monitoring dan Evaluasi Rekonstruksi PLTMH Patamuan Seleksi Ulang,https://pengadaan.info/detail/monitoring-dan-evaluasi-rekonstruksi-pltmh-patamuan-seleksi-ulang,LPSE Kementerian Energi dan Sumber Daya Mineral,-,DIREKTORAT JENDERAL ENERGI BARU TERBARUKAN DAN KONSERVASI ENERGI,Pengumuman Prakualifikasi [...],"Hps Rp 842.496.600,00",21 January 2026 16:00:00 s/d 06 March 2026 23:59:00,3
Pemeliharaan Rutin Jalan UPTD Pemeliharaan Jalan Wilayah Kroya (Tahap I),https://pengadaan.info/detail/pemeliharaan-rutin-jalan-uptd-pemeliharaan-jalan-wilayah-kroya-tahap-i,LPSE Kabupaten Cilacap,-,Dinas Pekerjaan Umum dan Perumahan Rakyat,Pengumuman Pascakualifikasi [...],"Hps Rp 502.843.000,00",21 January 2026 16:00:00 s/d 24 February 2026 16:00:00,3
Pemeliharaan Berkala Jalan (Wilayah UPT Sidareja dan UPT Majenang),https://pengadaan.info/detail/pemeliharaan-berkala-jalan-wilayah-upt-sidareja-dan-upt-majenang,LPSE Kabupaten Cilacap,-,Dinas Pekerjaan Umum dan Perumahan Rakyat,Pengumuman Pascakualifikasi [...],"Hps Rp 2.370.792.000,00",21 January 2026 16:00:00 s/d 24 February 2026 16:00:00,3
Pemeliharaan Rutin Jalan UPTD Pemeliharaan Jalan Wilayah Sidareja (Tahap I),https://pengadaan.info/detail/pemeliharaan-rutin-jalan-uptd-pemeliharaan-jalan-wilayah-sidareja-tahap-i,LPSE Kabupaten Cilacap,-,Dinas Pekerjaan Umum dan Perumahan Rakyat,Pengumuman Pascakualifikasi [...],"Hps Rp 503.185.000,00",21 January 2026 16:00:00 s/d 24 February 2026 16:00:00,3
Pengembangan Fasilitas Pelabuhan Laut Sungai Nyamuk TA.2026-2027,https://pengadaan.info/detail/pengembangan-fasilitas-pelabuhan-laut-sungai-nyamuk-ta2026-2027,LPSE Kementerian Perhubungan,-,UNIT PENYELENGGARA PELABUHAN SUNGAI NYAMUK,Pengumuman Pascakualifikasi [...],"Hps Rp 72.366.673.000,00",21 January 2026 16:00:00 s/d 24 February 2026 16:00:00,3
Konsultan Supervisi Penataan Jalan Proklamasi Kec. Sukmajaya (Lanjutan) TA. 2026,https://pengadaan.info/detail/konsultan-supervisi-penataan-jalan-proklamasi-kec-sukmajaya-lanjutan-ta-2026,LPSE Kota Depok,-,DINAS PEKERJAAN UMUM DAN PENATAAN RUANG,Pengumuman Prakualifikasi [...],"Hps Rp 195.540.000,00",21 January 2026 16:00:00 s/d 20 March 2026 16:00:00,4
Pemeliharaan Rutin Jalan UPTD Pemeliharaan Jalan Wilayah Kroya (Tahap I),https://pengadaan.info/detail/pemeliharaan-rutin-jalan-uptd-pemeliharaan-jalan-wilayah-kroya-tahap-i,LPSE Kabupaten Cilacap,-,Dinas Pekerjaan Umum dan Perumahan Rakyat,Pengumuman Pascakualifikasi [...],"Hps Rp 502.843.000,00",21 January 2026 16:00:00 s/d 24 February 2026 16:00:00,4
Perencanaan Penangangan Longsoran di Kec Tabang,https://pengadaan.info/detail/perencanaan-penangangan-longsoran-di-kec-tabang,LPSE Kabupaten Kutai Kartanegara,-,Dinas Pekerjaan Umum,Pengumuman Prakualifikasi [...],"Hps Rp 463.975.000,00",21 January 2026 16:00:00 s/d 17 March 2026 16:30:00,4
Monitoring dan Evaluasi Rekonstruksi PLTMH Patamuan Seleksi Ulang,https://pengadaan.info/detail/monitoring-dan-evaluasi-rekonstruksi-pltmh-patamuan-seleksi-ulang,LPSE Kementerian Energi dan Sumber Daya Mineral,-,DIREKTORAT JENDERAL ENERGI BARU TERBARUKAN DAN KONSERVASI ENERGI,Pengumuman Prakualifikasi [...],"Hps Rp 842.496.600,00",21 January 2026 16:00:00 s/d 06 March 2026 23:59:00,4
Pemeliharaan Rutin Jalan UPTD Pemeliharaan Jalan Wilayah Sidareja (Tahap I),https://pengadaan.info/detail/pemeliharaan-rutin-jalan-uptd-pemeliharaan-jalan-wilayah-sidareja-tahap-i,LPSE Kabupaten Cilacap,-,Dinas Pekerjaan Umum dan Perumahan Rakyat,Pengumuman Pascakualifikasi [...],"Hps Rp 503.185.000,00",21 January 2026 16:00:00 s/d 24 February 2026 16:00:00,4
Pemeliharaan Rutin Jalan UPTD Pemeliharaan Jalan Wilayah Majenang (Tahap I),https://pengadaan.info/detail/pemeliharaan-rutin-jalan-uptd-pemeliharaan-jalan-wilayah-majenang-tahap-i,LPSE Kabupaten Cilacap,-,Dinas Pekerjaan Umum dan Perumahan Rakyat,Pengumuman Pascakualifikasi [...],"Hps Rp 503.346.000,00",21 January 2026 16:00:00 s/d 24 February 2026 16:00:00,4
Konsultan Supervisi Rekonstruksi Jalan Cipayung Kec. Cipayung (Lanjutan) TA. 2026,https://pengadaan.info/detail/konsultan-supervisi-rekonstruksi-jalan-cipayung-kec-cipayung-lanjutan-ta-2026,LPSE Kota Depok,-,DINAS PEKERJAAN UMUM DAN PENATAAN RUANG,Pengumuman Prakualifikasi [...],"Hps Rp 195.540.000,00",21 January 2026 16:00:00 s/d 20 March 2026 16:00:00,4
Supervisi Rehabilitasi Gedung CCC Makassar #2SP,https://pengadaan.info/detail/supervisi-rehabilitasi-gedung-ccc-makassar-2sp,LPSE Provinsi Sulawesi Selatan,-,"DINAS SUMBER DAYA AIR, CIPTA KARYA DAN TATA RUANG",Pengumuman Prakualifikasi [...],"Hps Rp 999.693.000,00",21 January 2026 15:57:00 s/d 27 March 2026 16:00:00,4
Pemeliharaan dan Pengembangan Sistem Informasi Kebencanaan 9,https://pengadaan.info/detail/pemeliharaan-dan-pengembangan-sistem-informasi-kebencanaan-9,LPSE Provinsi Daerah Khusus Ibukota Jakarta,-,PUSAT DATA DAN INFORMASI KEBENCANAAN,Pengumuman Pascakualifikasi [...],"Hps Rp 111.925.000,00",21 January 2026 15:00:00 s/d 13 February 2026 16:00:00,4
Rekonstruksi Ruas Jalan Widodaren - Karangasem,https://pengadaan.info/detail/rekonstruksi-ruas-jalan-widodaren-karangasem,LPSE Kabupaten Pemalang,-,Dinas Pekerjaan Umum dan Penataan Ruang,Pengumuman Pascakualifikasi [...],"Hps Rp 2.461.397.354,33",21 January 2026 15:00:00 s/d 12 February 2026 16:00:00,4
Rekonstruksi Ruas Jalan Widodaren - Karangasem,https://pengadaan.info/detail/rekonstruksi-ruas-jalan-widodaren-karangasem,LPSE Kabupaten Pemalang,-,Dinas Pekerjaan Umum dan Penataan Ruang,Pengumuman Pascakualifikasi [...],"Hps Rp 2.461.397.354,33",21 January 2026 15:00:00 s/d 12 February 2026 16:00:00,5
Rekonstruksi Ruas Jalan Paket 7,https://pengadaan.info/detail/rekonstruksi-ruas-jalan-paket-7,LPSE Kabupaten Pemalang,-,Dinas Pekerjaan Umum dan Penataan Ruang,Pengumuman Pascakualifikasi [...],"Hps Rp 3.998.804.821,57",21 January 2026 15:00:00 s/d 12 February 2026 16:00:00,5
Pemeliharaan dan Pengembangan Sistem Informasi Kebencanaan 8,https://pengadaan.info/detail/pemeliharaan-dan-pengembangan-sistem-informasi-kebencanaan-8,LPSE Provinsi Daerah Khusus Ibukota Jakarta,-,PUSAT DATA DAN INFORMASI KEBENCANAAN,Pengumuman Pascakualifikasi [...],"Hps Rp 111.925.000,00",21 January 2026 15:00:00 s/d 13 February 2026 16:00:00,5
Konsultan Supervisi Pembangunan Jalan Bangun Rejo,https://pengadaan.info/detail/konsultan-supervisi-pembangunan-jalan-bangun-rejo,LPSE Provinsi Kalimantan Selatan,-,DINAS PEKERJAAN UMUM DAN PENATAAN RUANG,Pengumuman Prakualifikasi [...],"Hps Rp 599.782.000,00",21 January 2026 14:00:00 s/d 05 March 2026 16:00:00,5
Konsultan Supervisi Rehabilitasi Jalan Mistar Cokrokusumo - SMA 3 - Aneka Tambang,https://pengadaan.info/detail/konsultan-supervisi-rehabilitasi-jalan-mistar-cokrokusumo-sma-3-aneka-tambang,LPSE Provinsi Kalimantan Selatan,-,DINAS PEKERJAAN UMUM DAN PENATAAN RUANG,Pengumuman Prakualifikasi [...],"Hps Rp 299.994.000,00",21 January 2026 14:00:00 s/d 05 March 2026 16:00:00,5
Konsultan Supervisi Rekonstruksi Jalan Alternatif ke Makam Syech M. Arsyad Al-Banjari,https://pengadaan.info/detail/konsultan-supervisi-rekonstruksi-jalan-alternatif-ke-makam-syech-m-arsyad-al-banjari,LPSE Provinsi Kalimantan Selatan,-,DINAS PEKERJAAN UMUM DAN PENATAAN RUANG,Pengumuman Prakualifikasi [...],"Hps Rp 399.583.000,00",21 January 2026 14:00:00 s/d 05 March 2026 16:00:00,5
PRESERVASI JALAN DAN JEMBATAN TAMILOW - HAYA - TEHORU - LAIMU - WERINAMA,https://pengadaan.info/detail/preservasi-jalan-dan-jembatan-tamilow-haya-tehoru-laimu-werinama,LPSE Kementrian Pekerjaan Umum dan Perumahan Rakyat,-,693936,Pengumuman Pascakualifikasi [...],"Hps Rp 6.193.282.000,00",21 January 2026 14:00:00 s/d 11 February 2026 14:00:00,5
Konsultan Supervisi Rekonstruksi Jalan Sei Tabuk - Penggalaman,https://pengadaan.info/detail/konsultan-supervisi-rekonstruksi-jalan-sei-tabuk-penggalaman,LPSE Provinsi Kalimantan Selatan,-,DINAS PEKERJAAN UMUM DAN PENATAAN RUANG,Pengumuman Prakualifikasi [...],"Hps Rp 499.977.000,00",21 January 2026 14:00:00 s/d 05 March 2026 16:00:00,5
Konsultan Supervisi Rehabilitasi Jalan Lampihong - Mantimin,https://pengadaan.info/detail/konsultan-supervisi-rehabilitasi-jalan-lampihong-mantimin,LPSE Provinsi Kalimantan Selatan,-,DINAS PEKERJAAN UMUM DAN PENATAAN RUANG,Pengumuman Prakualifikasi [...],"Hps Rp 299.994.000,00",21 January 2026 14:00:00 s/d 05 March 2026 16:00:00,5
Konsultan Supervisi Pembangunan Jalan Tanjung Serdang - Lontar,https://pengadaan.info/detail/konsultan-supervisi-pembangunan-jalan-tanjung-serdang-lontar,LPSE Provinsi Kalimantan Selatan,-,DINAS PEKERJAAN UMUM DAN PENATAAN RUANG,Pengumuman Prakualifikasi [...],"Hps Rp 299.988.000,00",21 January 2026 14:00:00 s/d 05 March 2026 16:00:00,5
Pengawasan Pembuatan Dinding Penahan Tanah Bandara Siau,https://pengadaan.info/detail/pengawasan-pembuatan-dinding-penahan-tanah-bandara-siau,LPSE Kementerian Perhubungan,-,BANDAR UDARA NAHA DI TAHUNA,Pengumuman Prakualifikasi [...],"Hps Rp 521.741.181,00",21 January 2026 14:00:00 s/d 20 March 2026 16:00:00,6
Konsultan Supervisi Rekonstruksi Jalan Akses Bandara Baru Syamsuddin Noor,https://pengadaan.info/detail/konsultan-supervisi-rekonstruksi-jalan-akses-bandara-baru-syamsuddin-noor,LPSE Provinsi Kalimantan Selatan,-,DINAS PEKERJAAN UMUM DAN PENATAAN RUANG,Pengumuman Prakualifikasi [...],"Hps Rp 399.583.000,00",21 January 2026 14:00:00 s/d 05 March 2026 16:00:00,6
Konsultan Supervisi Rehabilitasi Jalan Lampihong - Mantimin,https://pengadaan.info/detail/konsultan-supervisi-rehabilitasi-jalan-lampihong-mantimin,LPSE Provinsi Kalimantan Selatan,-,DINAS PEKERJAAN UMUM DAN PENATAAN RUANG,Pengumuman Prakualifikasi [...],"Hps Rp 299.994.000,00",21 January 2026 14:00:00 s/d 05 March 2026 16:00:00,6
Konsultan Supervisi Pembangunan Jalan Tanjung Serdang - Lontar,https://pengadaan.info/detail/konsultan-supervisi-pembangunan-jalan-tanjung-serdang-lontar,LPSE Provinsi Kalimantan Selatan,-,DINAS PEKERJAAN UMUM DAN PENATAAN RUANG,Pengumuman Prakualifikasi [...],"Hps Rp 299.988.000,00",21 January 2026 14:00:00 s/d 05 March 2026 16:00:00,6
PRESERVASI JALAN DAN JEMBATAN TAMILOW - HAYA - TEHORU - LAIMU - WERINAMA,https://pengadaan.info/detail/preservasi-jalan-dan-jembatan-tamilow-haya-tehoru-laimu-werinama,LPSE Kementrian Pekerjaan Umum dan Perumahan Rakyat,-,693936,Pengumuman Pascakualifikasi [...],"Hps Rp 6.193.282.000,00",21 January 2026 14:00:00 s/d 11 February 2026 14:00:00,6
PRESERVASI JALAN DAN JEMBATAN SP. WAIPIRIT - SP. ETI - PIRU - WAISELAN - LATU - LIANG,https://pengadaan.info/detail/preservasi-jalan-dan-jembatan-sp-waipirit-sp-eti-piru-waiselan-latu-liang,LPSE Kementrian Pekerjaan Umum dan Perumahan Rakyat,-,693935,Pengumuman Pascakualifikasi [...],"Hps Rp 13.235.020.993,84",21 January 2026 13:00:00 s/d 11 February 2026 14:00:00,6
Pengadaan Peralatan VBSS KRI Koarmada II,https://pengadaan.info/detail/pengadaan-peralatan-vbss-kri-koarmada-ii,LPSE TNI Angkatan Laut,-,MAKO KOARMADA II TNI AL,Pengumuman Pascakualifikasi [...],"Hps Rp 10.000.000.000,00",21 January 2026 13:00:00 s/d 17 February 2026 12:00:00,6
Pemotongan Bukit Obstacle Tahap II,https://pengadaan.info/detail/pemotongan-bukit-obstacle-tahap-ii,LPSE Kementerian Perhubungan,-,UNIT PENYELENGGARA BANDAR UDARA SIBORU FAKFAK,Pengumuman Pascakualifikasi [...],"Hps Rp 9.256.000.000,00",21 January 2026 12:00:00 s/d 09 February 2026 17:00:00,6
Pengadaan Perlengkapan Perorangan Kain PDH TNI AL (Paket 2) TA 2026 - Disbekal,https://pengadaan.info/detail/pengadaan-perlengkapan-perorangan-kain-pdh-tni-al-paket-2-ta-2026-disbekal,LPSE TNI Angkatan Laut,-,MABES TNI AL TNI AL,Pengumuman Pascakualifikasi [...],"Hps Rp 32.999.716.000,00",21 January 2026 12:00:00 s/d 26 February 2026 13:00:00,6
"Manajemen Konstruksi Pembanguan Museum dan Monumen Bahasa Nasional Pulau Penyengat, Kota Tanjungpinang",https://pengadaan.info/detail/manajemen-konstruksi-pembanguan-museum-dan-monumen-bahasa-nasional-pulau-penyengat-kota-tanjungpinang,LPSE Provinsi Kepulauan Riau,-,"Dinas Pekerjaan Umum, Penataan Ruang dan Pertanahan",Pengumuman Prakualifikasi [...],"Hps Rp 3.397.748.184,00",21 January 2026 11:00:00 s/d 23 March 2026 23:59:00,6
Pemagaran Pasar Kepandean (Terminal Kepandean),https://pengadaan.info/detail/pemagaran-pasar-kepandean-terminal-kepandean,LPSE Kota Serang,-,DINAS PEKERJAAN UMUM DAN PENATAAN RUANG,Pengumuman Pascakualifikasi [...],"Hps Rp 2.364.898.000,00",21 January 2026 11:00:00 s/d 16 February 2026 16:00:00,7
"Manajemen Konstruksi Pembanguan Museum dan Monumen Bahasa Nasional Pulau Penyengat, Kota Tanjungpinang",https://pengadaan.info/detail/manajemen-konstruksi-pembanguan-museum-dan-monumen-bahasa-nasional-pulau-penyengat-kota-tanjungpinang,LPSE Provinsi Kepulauan Riau,-,"Dinas Pekerjaan Umum, Penataan Ruang dan Pertanahan",Pengumuman Prakualifikasi [...],"Hps Rp 3.397.748.184,00",21 January 2026 11:00:00 s/d 23 March 2026 23:59:00,7
Konsultan Perencanaan Pembangunan SPKKL Kotawaringin Barat,https://pengadaan.info/detail/konsultan-perencanaan-pembangunan-spkkl-kotawaringin-barat,LPSE Badan Keamanan Laut,-,BADAN KEAMANAN LAUT,Pengumuman Prakualifikasi [...],"Hps Rp 1.711.960.215,00",21 January 2026 10:00:00 s/d 06 March 2026 23:59:00,7
Pembuatan Bangunan Operasional Mess Pegawai Tipe I (2 Unit) termasuk Meubelair dan Fasilitas Penunjangnya,https://pengadaan.info/detail/pembuatan-bangunan-operasional-mess-pegawai-tipe-i-2-unit-termasuk-meubelair-dan-fasilitas-penunjangnya,LPSE Kementerian Perhubungan,-,UNIT PENYELENGGARA BANDAR UDARA SIBORU FAKFAK,Pengumuman Pascakualifikasi [...],"Hps Rp 4.390.000.000,00",21 January 2026 10:00:00 s/d 20 February 2026 16:00:00,7
PERBAIKAN RINGAN GEDUNG BRAMMASTA DAN DISPEN,https://pengadaan.info/detail/perbaikan-ringan-gedung-brammasta-dan-dispen,LPSE TNI Angkatan Laut,-,KOARMADA RI TNI AL,Pengumuman Pascakualifikasi [...],"Hps Rp 1.719.375.000,00",21 January 2026 09:15:00 s/d 18 February 2026 09:00:00,7
Pembangunan Pagar Pengaman Batas Lanud Silas Papare,https://pengadaan.info/detail/pembangunan-pagar-pengaman-batas-lanud-silas-papare,LPSE TNI Angkatan Udara,-,LANUD SILAS PAPARE TNI AU,Pengumuman Pascakualifikasi [...],"Hps Rp 5.995.000.000,00",21 January 2026 09:00:00 s/d 19 February 2026 16:00:00,7
PERBAIKAN GEDUNG SADEWA MAKO KOARMADA RI,https://pengadaan.info/detail/perbaikan-gedung-sadewa-mako-koarmada-ri,LPSE TNI Angkatan Laut,-,KOARMADA RI TNI AL,Pengumuman Pascakualifikasi [...],"Hps Rp 1.794.816.000,00",21 January 2026 09:00:00 s/d 18 February 2026 09:00:00,7
Pembangunan Jaringan Perpipaan dan Sambungan Rumah Kabupaten Batanghari dan Kabupaten Muaro Jambi Tender Ulang,https://pengadaan.info/detail/pembangunan-jaringan-perpipaan-dan-sambungan-rumah-kabupaten-batanghari-dan-kabupaten-muaro-jambi-tender-ulang,LPSE Kementrian Pekerjaan Umum dan Perumahan Rakyat,-,694031,Pengumuman Pascakualifikasi [...],"Hps Rp 4.999.999.000,00",21 January 2026 08:00:00 s/d 04 March 2026 16:00:00,7
Perencanaan Pembangunan Flat Type 45 (1 Tower) dan Sarpras Lanal Bali,https://pengadaan.info/detail/perencanaan-pembangunan-flat-type-45-1-tower-dan-sarpras-lanal-bali,LPSE TNI Angkatan Laut,-,MABES TNI AL TNI AL,Pengumuman Prakualifikasi [...],"Hps Rp 583.269.000,00",20 January 2026 23:00:00 s/d 09 March 2026 23:59:00,7
Pengawasan Pembangunan Mess Perwira (2 lantai) dan Sarpras Koarmada III,https://pengadaan.info/detail/pengawasan-pembangunan-mess-perwira-2-lantai-dan-sarpras-koarmada-iii,LPSE TNI Angkatan Laut,-,MABES TNI AL TNI AL,Pengumuman Prakualifikasi [...],"Hps Rp 403.726.000,00",20 January 2026 23:00:00 s/d 06 March 2026 23:59:00,7
Pengawasan Pembangunan Mess Perwira (2 lantai) dan Sarpras Koarmada III,https://pengadaan.info/detail/pengawasan-pembangunan-mess-perwira-2-lantai-dan-sarpras-koarmada-iii,LPSE TNI Angkatan Laut,-,MABES TNI AL TNI AL,Pengumuman Prakualifikasi [...],"Hps Rp 403.726.000,00",20 January 2026 23:00:00 s/d 06 March 2026 23:59:00,8
Pengawasan Pembangunan Flat Type 45 (2 lantai) dan Sarpras Kodaeral III,https://pengadaan.info/detail/pengawasan-pembangunan-flat-type-45-2-lantai-dan-sarpras-kodaeral-iii,LPSE TNI Angkatan Laut,-,MABES TNI AL TNI AL,Pengumuman Prakualifikasi [...],"Hps Rp 476.773.000,00",20 January 2026 23:00:00 s/d 06 March 2026 23:59:00,8
Peningkatan Jalan Pasi Janeng - Paya Baro - Leubok Beutong,https://pengadaan.info/detail/peningkatan-jalan-pasi-janeng-paya-baro-leubok-beutong,LPSE Kabupaten Aceh Barat,-,DINAS PEKERJAAN UMUM DAN PENATAAN RUANG,Pengumuman Pascakualifikasi [...],"Hps Rp 707.065.000,00",20 January 2026 22:00:00 s/d 23 February 2026 16:00:00,8
Peningkatan Jalan Akses Puskesmas Samatiga,https://pengadaan.info/detail/peningkatan-jalan-akses-puskesmas-samatiga,LPSE Kabupaten Aceh Barat,-,DINAS PEKERJAAN UMUM DAN PENATAAN RUANG,Pengumuman Pascakualifikasi [...],"Hps Rp 1.343.992.000,00",20 January 2026 22:00:00 s/d 23 February 2026 16:00:00,8
Peningkatan Jalan Blang Dalam - Teupin Panah,https://pengadaan.info/detail/peningkatan-jalan-blang-dalam-teupin-panah,LPSE Kabupaten Aceh Barat,-,DINAS PEKERJAAN UMUM DAN PENATAAN RUANG,Pengumuman Pascakualifikasi [...],"Hps Rp 484.997.000,00",20 January 2026 22:00:00 s/d 23 February 2026 16:00:00,8
Peningkatan Jalan Blang Mee - Seuradek,https://pengadaan.info/detail/peningkatan-jalan-blang-mee-seuradek,LPSE Kabupaten Aceh Barat,-,DINAS PEKERJAAN UMUM DAN PENATAAN RUANG,Pengumuman Pascakualifikasi [...],"Hps Rp 474.988.000,00",20 January 2026 22:00:00 s/d 23 February 2026 16:00:00,8
Peningkatan Jalan Alue Keumuneng - Simpang Teumarom,https://pengadaan.info/detail/peningkatan-jalan-alue-keumuneng-simpang-teumarom,LPSE Kabupaten Aceh Barat,-,DINAS PEKERJAAN UMUM DAN PENATAAN RUANG,Pengumuman Pascakualifikasi [...],"Hps Rp 484.994.000,00",20 January 2026 22:00:00 s/d 23 February 2026 16:00:00,8
Peningkatan Jalan Rimba Langgeh - Suak Bidok,https://pengadaan.info/detail/peningkatan-jalan-rimba-langgeh-suak-bidok,LPSE Kabupaten Aceh Barat,-,DINAS PEKERJAAN UMUM DAN PENATAAN RUANG,Pengumuman Pascakualifikasi [...],"Hps Rp 474.993.000,00",20 January 2026 22:00:00 s/d 23 February 2026 16:00:00,8
Peningkatan Jalan Balee - Reudeup - Buloh - Bukit Jaya,https://pengadaan.info/detail/peningkatan-jalan-balee-reudeup-buloh-bukit-jaya,LPSE Kabupaten Aceh Barat,-,DINAS PEKERJAAN UMUM DAN PENATAAN RUANG,Pengumuman Pascakualifikasi [...],"Hps Rp 474.988.000,00",20 January 2026 22:00:00 s/d 23 February 2026 16:00:00,8
Peningkatan Jalan Jawi - Sipot (Alue Surin),https://pengadaan.info/detail/peningkatan-jalan-jawi-sipot-alue-surin,LPSE Kabupaten Aceh Barat,-,DINAS PEKERJAAN UMUM DAN PENATAAN RUANG,Pengumuman Pascakualifikasi [...],"Hps Rp 474.985.000,00",20 January 2026 22:00:00 s/d 23 February 2026 16:00:00,8
Peningkatan Jalan Blang Mee - Seuradek,https://pengadaan.info/detail/peningkatan-jalan-blang-mee-seuradek,LPSE Kabupaten Aceh Barat,-,DINAS PEKERJAAN UMUM DAN PENATAAN RUANG,Pengumuman Pascakualifikasi [...],"Hps Rp 474.988.000,00",20 January 2026 22:00:00 s/d 23 February 2026 16:00:00,9
Peningkatan Jalan Jawi - Sipot (Alue Surin),https://pengadaan.info/detail/peningkatan-jalan-jawi-sipot-alue-surin,LPSE Kabupaten Aceh Barat,-,DINAS PEKERJAAN UMUM DAN PENATAAN RUANG,Pengumuman Pascakualifikasi [...],"Hps Rp 474.985.000,00",20 January 2026 22:00:00 s/d 23 February 2026 16:00:00,9
Supervisi Pembangunan Perkuatan Tebing Sungai Tabalong,https://pengadaan.info/detail/supervisi-pembangunan-perkuatan-tebing-sungai-tabalong,LPSE Kementrian Pekerjaan Umum dan Perumahan Rakyat,-,694223,Pengumuman Prakualifikasi [...],"Hps Rp 1.200.000.000,00",20 January 2026 21:30:00 s/d 13 April 2026 16:00:00,9
Supervisi Pengembangan Fasilitas Pelabuhan Laut Sungai Nyamuk TA.2026-2027,https://pengadaan.info/detail/supervisi-pengembangan-fasilitas-pelabuhan-laut-sungai-nyamuk-ta2026-2027,LPSE Kementerian Perhubungan,-,UNIT PENYELENGGARA PELABUHAN SUNGAI NYAMUK,Pengumuman Prakualifikasi [...],"Hps Rp 2.440.077.000,00",20 January 2026 21:00:00 s/d 20 March 2026 16:00:00,9
Perencanaan Peningkatan/Pengaspalan Jalan Landan Induk,https://pengadaan.info/detail/perencanaan-peningkatanpengaspalan-jalan-landan-induk,LPSE Kabupaten Murung Raya,-,DINAS PERUMAHAN RAKYAT DAN KAWASAN PERMUKIMAN SERTA PERTANAHAN,Pengumuman Prakualifikasi [...],"Hps Rp 172.000.000,00",20 January 2026 20:00:00 s/d 27 February 2026 15:00:00,9
Perencanaan Peningkatan/Pengaspalan Jalan Sengaji Ke GKE Hosana,https://pengadaan.info/detail/perencanaan-peningkatanpengaspalan-jalan-sengaji-ke-gke-hosana,LPSE Kabupaten Murung Raya,-,DINAS PERUMAHAN RAKYAT DAN KAWASAN PERMUKIMAN SERTA PERTANAHAN,Pengumuman Prakualifikasi [...],"Hps Rp 205.400.000,00",20 January 2026 20:00:00 s/d 27 February 2026 15:00:00,9
BELANJA JASA,https://pengadaan.info/detail/belanja-jasa,LPSE Kota Gunungsitoli,-,SEKRETARIAT DAERAH KOTA GUNUNGSITOLI,Pengumuman Pascakualifikasi [...],"Hps Rp 1.751.013.925,40",20 January 2026 20:00:00 s/d 19 February 2026 17:00:00,9
Perencanaan Peningkatan/Pengaspalan Jalan Komplek Crishtian Center,https://pengadaan.info/detail/perencanaan-peningkatanpengaspalan-jalan-komplek-crishtian-center,LPSE Kabupaten Murung Raya,-,DINAS PERUMAHAN RAKYAT DAN KAWASAN PERMUKIMAN SERTA PERTANAHAN,Pengumuman Prakualifikasi [...],"Hps Rp 399.800.000,00",20 January 2026 20:00:00 s/d 27 February 2026 15:00:00,9
Perencanaan Peningkatan/Pengaspalan Jalan Perumahan Pemda,https://pengadaan.info/detail/perencanaan-peningkatanpengaspalan-jalan-perumahan-pemda,LPSE Kabupaten Murung Raya,-,DINAS PERUMAHAN RAKYAT DAN KAWASAN PERMUKIMAN SERTA PERTANAHAN,Pengumuman Prakualifikasi [...],"Hps Rp 249.500.000,00",20 January 2026 20:00:00 s/d 27 February 2026 15:00:00,9
PENYUSUNAN STANDAR PERJANJIAN PENGUSAHAAN JALAN TOL,https://pengadaan.info/detail/penyusunan-standar-perjanjian-pengusahaan-jalan-tol,LPSE Kementrian Pekerjaan Umum dan Perumahan Rakyat,-,693954,Pengumuman Prakualifikasi [...],"Hps Rp 2.659.959.600,00",20 January 2026 18:00:00 s/d 18 March 2026 16:00:00,9
